Title,URL
Critical Xen bug in PV memory virtualization code,https://raw.githubusercontent.com/QubesOS/qubes-secpack/master/QSBs/qsb-022-2015.txt
Re:work,https://rework.withgoogle.com/
PyPy 4.0.0 Released – A Jit with SIMD Vectorization and More,http://morepypy.blogspot.com/2015/10/pypy-400-released-jit-with-simd.html
Time zone news,http://time.is/time_zone_news
Screenshots from developers and Unix people taken in 2002,https://anders.unix.se/2015/10/28/screenshots-from-developers--unix-people-2002/
18F micro-purchase experiment bid down to $1,https://github.com/18F/calc/issues/255#issuecomment-152193310
Vert.x: A tool-kit for building reactive applications on the JVM,http://vertx.io/
Canvid.js – tiny library for playing video on canvas elements,http://gka.github.io/canvid/
TB Is Now the Top Infectious Killer,http://www.npr.org/sections/goatsandsoda/2015/10/28/452565249/tb-is-now-the-top-infectious-killer-even-though-deaths-are-down
Notes on the Fourth Dimension: the history of higher dimensions,http://publicdomainreview.org/2015/10/28/notes-on-the-fourth-dimension/
Researchers Say Data From an Island in Quebec Proves Humans Are Still Evolving,http://nautil.us/issue/29/scaling/the-rhythm-of-the-tide-rp
The astronomer and the witch – how Kepler saved his mother from the stake,https://theconversation.com/the-astronomer-and-the-witch-how-kepler-saved-his-mother-from-the-stake-49332
Mountain Duck – Cyberduck for mounting volumes in the file explorer,https://mountainduck.io//
Bread is Broken,http://www.nytimes.com/2015/11/01/magazine/bread-is-broken.html
Learning About Cryptography (2006),http://www.ciphersbyritter.com/LEARNING.HTM
Modsy – Home design using 3D rendering,http://techcrunch.com/2015/10/29/modsy-brings-the-virtual-when-designing-reality/
Gobble Raises $10.75M for Its 10-Minute Dinner Kits,http://techcrunch.com/2015/10/29/gobble-series-a/
Introducing Twitch Creative,http://blog.twitch.tv/2015/10/introducing-twitch-creative/
Show HN: Code4Startup - Learn to code by cloning real life startups,http://www.code4startup.com
Joomla SQL Injection Attacks in the Wild,https://blog.sucuri.net/2015/10/joomla-sql-injection-attacks-in-the-wild.html
Olark (YC S09) Is Hiring a Senior UX Designer/Lead in SF,http://www.olark.com/jobs
China to begin two-child policy,http://www.bbc.co.uk/news/world-asia-34665539
Google to beam wifi to Indonesia’s rural areas with balloons,https://www.techinasia.com/indonesia-internet-google-alphabet-project-loon/
Practical attacks against 4G (LTE) access network protocols,http://secure-systems-aalto.blogspot.com/2015/10/lte-attacks-2015.html
Building the infrastructure in Clojure for an electric-powered bikes scheme,http://blog.juxt.pro/posts/rideon.html
The Contest Between Gravity and Quantum Physics,http://nautil.us/issue/29/scaling/will-quantum-mechanics-swallow-relativity
Quantum Computing Since Democritus (2006),http://www.scottaaronson.com/democritus/
When is it not preferable to specify your types first?,http://pchiusano.github.io/2015-10-28/top-down.html
What Makes Us Happy? (2009),http://www.theatlantic.com/magazine/archive/2009/06/what-makes-us-happy/307439/?single_page=true
Pijul version control system,https://pijul.org/
Vue.js 1.0.0 Released!,http://vuejs.org/
Question on how to price first professional freelance project,/r/Web_Development/comments/3qch2t/question_on_how_to_price_first_professional/
halp! looking for a simple text slider/carousel, and i can't believe i can't find one for free=/,/r/Web_Development/comments/3qaf7j/halp_looking_for_a_simple_text_slidercarousel_and/
HELP: How to strip out '-' from Users Queries?,/r/Web_Development/comments/3pu5l4/help_how_to_strip_out_from_users_queries/
Is any one here a web developer//front end developer with a degree in Information Technology? How about Comp Science?,/r/Web_Development/comments/3prj1j/is_any_one_here_a_web_developerfront_end/
Wire Frame / Mockup tools,/r/Web_Development/comments/3p8ior/wire_frame_mockup_tools/
Web platform/App to analyze variance between data sets,/r/Web_Development/comments/3p30uu/web_platformapp_to_analyze_variance_between_data/
Help: Integrate Shopify and MS SQL 2014 Database,/r/Web_Development/comments/3p2ll8/help_integrate_shopify_and_ms_sql_2014_database/
Do you personally "sign" your code? Do you put anything else besides your name on your projects?,/r/Web_Development/comments/3p26me/do_you_personally_sign_your_code_do_you_put/
Where to start?,/r/Web_Development/comments/3owcjm/where_to_start/
Spam sites are being attached to my domain. Point me in the right direction please.,/r/Web_Development/comments/3opl27/spam_sites_are_being_attached_to_my_domain_point/
LPT (WebDev): When checking the time on your servers and comparing them to your local machine's time, make sure your local machine's time is actually up to date,/r/Web_Development/comments/3ooeeh/lpt_webdev_when_checking_the_time_on_your_servers/
Creating landing page for my start up to collect email addresses,/r/Web_Development/comments/3nsu56/creating_landing_page_for_my_start_up_to_collect/
Just made this PHP CLI Tool, to manage hosts file easily. Created to do practice with the Symfony Console component. Hope it helps :),https://github.com/francescomalatesta/hostr
Anyone have interest in getting projects financed or issues getting paid for larger projects?,/r/Web_Development/comments/3n9lb5/anyone_have_interest_in_getting_projects_financed/
C# to Web Development...,/r/Web_Development/comments/3n9hdg/c_to_web_development/
The recipe for a Digital Nomad,/r/Web_Development/comments/3n43sd/the_recipe_for_a_digital_nomad/
MEAN vs LAMP for a simple case,/r/Web_Development/comments/3myvrg/mean_vs_lamp_for_a_simple_case/
Material Design for Bootstrap,http://mdbootstrap.com/
Bootstrap or SASS first?,/r/Web_Development/comments/3mrts9/bootstrap_or_sass_first/
Filezilla user not allowed permission to upload to FTP,/r/Web_Development/comments/3mqnyx/filezilla_user_not_allowed_permission_to_upload/
What is a good front end framework to use with Django back end?,/r/Web_Development/comments/3mjoqq/what_is_a_good_front_end_framework_to_use_with/
Phoenix for web development?,/r/Web_Development/comments/3miujw/phoenix_for_web_development/
How do i make a form send the data it collected to a java program?,/r/Web_Development/comments/3mbcpi/how_do_i_make_a_form_send_the_data_it_collected/
Is geo-coding the only option to categorize area that clearly specifies the region where a certain service is available?,/r/Web_Development/comments/3m7k4n/is_geocoding_the_only_option_to_categorize_area/
